[
  {
    "nombre": "Lavanda, Eucaliptus y Menta",
    "descripcion": "Equilibrio refrescante para cuerpo y mente.",
    "descripcionExtendida": "Esta combinación ayuda a abrir la respiración, relajar tensiones acumuladas y despejar el pensamiento. El aroma floral de la lavanda se entrelaza con el frescor del eucalipto y la vivacidad de la menta, ofreciendo un momento de calma, claridad y conexión sensorial.",
    "audio": "/audios/lavanda-eucaliptus-menta.mp3",
    "image": "/images/sahumerios.png"
  },
  {
    "nombre": "Salvia, Benjuí y Palo Santo",
    "descripcion": "Purificación y profundidad espiritual.",
    "descripcionExtendida": "Estos aromas sagrados limpian espacios, invitan al recogimiento y a la introspección. La salvia limpia lo denso, el benjuí aporta un dulzor envolvente, y el palo santo eleva la vibración del entorno. Ideal para meditaciones, rituales o momentos de inspiración.",
    "audio": "/audios/salvia-benjui-palosanto.mp3",
    "image": "/images/sahumerios.png"
  }
]